/hpc/projects/group.califano/GLM/data/cellxgene/data/complete_data/abnormal_cell/aracne,train
/hpc/projects/group.califano/GLM/data/cellxgene/data/complete_data/absorptive_cell/aracne,train
/hpc/projects/group.califano/GLM/data/cellxgene/data/complete_data/acinar_cell/aracne,train
/hpc/projects/group.califano/GLM/data/cellxgene/data/complete_data/acinar_cell_of_salivary_gland/aracne,train
/hpc/projects/group.califano/GLM/data/cellxgene/data/complete_data/activated_cd4-positive_alpha-beta_t_cell/aracne,train
/hpc/projects/group.califano/GLM/data/cellxgene/data/complete_data/activated_cd4-positive_alpha-beta_t_cell_human/aracne,train
/hpc/projects/group.califano/GLM/data/cellxgene/data/complete_data/activated_cd8-positive_alpha-beta_t_cell/aracne,train
/hpc/projects/group.califano/GLM/data/cellxgene/data/complete_data/adipocyte/aracne,train
/hpc/projects/group.califano/GLM/data/cellxgene/data/complete_data/adipocyte_of_breast/aracne,train
/hpc/projects/group.califano/GLM/data/cellxgene/data/complete_data/alpha-beta_t_cell/aracne,train
/hpc/projects/group.califano/GLM/data/cellxgene/data/complete_data/alternatively_activated_macrophage/aracne,train
/hpc/projects/group.califano/GLM/data/cellxgene/data/complete_data/alveolar_macrophage/aracne,train
/hpc/projects/group.califano/GLM/data/cellxgene/data/complete_data/alveolar_type_1_fibroblast_cell/aracne,train
/hpc/projects/group.califano/GLM/data/cellxgene/data/complete_data/alveolar_type_2_fibroblast_cell/aracne,train
/hpc/projects/group.califano/GLM/data/cellxgene/data/complete_data/amacrine_cell/aracne,train
/hpc/projects/group.califano/GLM/data/cellxgene/data/complete_data/astrocyte/aracne,train
/hpc/projects/group.califano/GLM/data/cellxgene/data/complete_data/astrocyte_of_the_cerebral_cortex/aracne,train
/hpc/projects/group.califano/GLM/data/cellxgene/data/complete_data/b-2_b_cell/aracne,train
/hpc/projects/group.califano/GLM/data/cellxgene/data/complete_data/b_cell/aracne,train
/hpc/projects/group.califano/GLM/data/cellxgene/data/complete_data/basal_cell/aracne,train
/hpc/projects/group.califano/GLM/data/cellxgene/data/complete_data/basal_cell_of_epidermis/aracne,train
/hpc/projects/group.califano/GLM/data/cellxgene/data/complete_data/basal_cell_of_epithelium_of_trachea/aracne,train
/hpc/projects/group.califano/GLM/data/cellxgene/data/complete_data/basal_cell_of_prostate_epithelium/aracne,train
/hpc/projects/group.califano/GLM/data/cellxgene/data/complete_data/basal_epithelial_cell_of_prostatic_duct/aracne,train
/hpc/projects/group.califano/GLM/data/cellxgene/data/complete_data/blood_vessel_endothelial_cell/aracne,train
/hpc/projects/group.califano/GLM/data/cellxgene/data/complete_data/capillary_endothelial_cell/aracne,train
/hpc/projects/group.califano/GLM/data/cellxgene/data/complete_data/cardiac_endothelial_cell/aracne,train
/hpc/projects/group.califano/GLM/data/cellxgene/data/complete_data/cardiac_muscle_cell/aracne,train
/hpc/projects/group.califano/GLM/data/cellxgene/data/complete_data/cardiac_muscle_myoblast/aracne,train
/hpc/projects/group.califano/GLM/data/cellxgene/data/complete_data/cd14-low_cd16-positive_monocyte/aracne,train
/hpc/projects/group.califano/GLM/data/cellxgene/data/complete_data/cd14-positive_cd16-negative_classical_monocyte/aracne,train
/hpc/projects/group.califano/GLM/data/cellxgene/data/complete_data/cd14-positive_cd16-positive_monocyte/aracne,train
/hpc/projects/group.califano/GLM/data/cellxgene/data/complete_data/cd16-negative_cd56-bright_natural_killer_cell_human/aracne,train
/hpc/projects/group.califano/GLM/data/cellxgene/data/complete_data/cd16-positive_cd56-dim_natural_killer_cell_human/aracne,train
/hpc/projects/group.califano/GLM/data/cellxgene/data/complete_data/cd1c-positive_myeloid_dendritic_cell/aracne,train
/hpc/projects/group.califano/GLM/data/cellxgene/data/complete_data/cd4-positive_alpha-beta_cytotoxic_t_cell/aracne,train
/hpc/projects/group.califano/GLM/data/cellxgene/data/complete_data/cd4-positive_alpha-beta_memory_t_cell/aracne,train
/hpc/projects/group.califano/GLM/data/cellxgene/data/complete_data/cd4-positive_alpha-beta_thymocyte/aracne,train
/hpc/projects/group.califano/GLM/data/cellxgene/data/complete_data/cd4-positive_helper_t_cell/aracne,train
/hpc/projects/group.califano/GLM/data/cellxgene/data/complete_data/cd8-alpha-alpha-positive_alpha-beta_intraepithelial_t_cell/aracne,train
/hpc/projects/group.califano/GLM/data/cellxgene/data/complete_data/cd8-positive_alpha-beta_cytotoxic_t_cell/aracne,train
/hpc/projects/group.califano/GLM/data/cellxgene/data/complete_data/cd8-positive_alpha-beta_memory_t_cell/aracne,train
/hpc/projects/group.califano/GLM/data/cellxgene/data/complete_data/cd8-positive_alpha-beta_memory_t_cell_cd45ro-positive/aracne,train
/hpc/projects/group.califano/GLM/data/cellxgene/data/complete_data/cd8-positive_alpha-beta_thymocyte/aracne,train
/hpc/projects/group.califano/GLM/data/cellxgene/data/complete_data/cell_of_skeletal_muscle/aracne,train
/hpc/projects/group.califano/GLM/data/cellxgene/data/complete_data/central_memory_cd8-positive_alpha-beta_t_cell/aracne,train
/hpc/projects/group.califano/GLM/data/cellxgene/data/complete_data/central_nervous_system_macrophage/aracne,train
/hpc/projects/group.califano/GLM/data/cellxgene/data/complete_data/centrilobular_region_hepatocyte/aracne,train
/hpc/projects/group.califano/GLM/data/cellxgene/data/complete_data/chondrocyte/aracne,train
/hpc/projects/group.califano/GLM/data/cellxgene/data/complete_data/chromaffin_cell/aracne,train
/hpc/projects/group.califano/GLM/data/cellxgene/data/complete_data/ciliary_muscle_cell/aracne,train
/hpc/projects/group.califano/GLM/data/cellxgene/data/complete_data/ciliated_cell/aracne,train
/hpc/projects/group.califano/GLM/data/cellxgene/data/complete_data/ciliated_columnar_cell_of_tracheobronchial_tree/aracne,train
/hpc/projects/group.califano/GLM/data/cellxgene/data/complete_data/class_switched_memory_b_cell/aracne,train
/hpc/projects/group.califano/GLM/data/cellxgene/data/complete_data/club_cell/aracne,train
/hpc/projects/group.califano/GLM/data/cellxgene/data/complete_data/colon_epithelial_cell/aracne,train
/hpc/projects/group.califano/GLM/data/cellxgene/data/complete_data/conventional_dendritic_cell/aracne,train
/hpc/projects/group.califano/GLM/data/cellxgene/data/complete_data/cord_blood_hematopoietic_stem_cell/aracne,train
/hpc/projects/group.califano/GLM/data/cellxgene/data/complete_data/corneal_epithelial_cell/aracne,train
/hpc/projects/group.califano/GLM/data/cellxgene/data/complete_data/cortical_cell_of_adrenal_gland/aracne,train
/hpc/projects/group.califano/GLM/data/cellxgene/data/complete_data/cortical_thymic_epithelial_cell/aracne,train
/hpc/projects/group.califano/GLM/data/cellxgene/data/complete_data/cytotoxic_t_cell/aracne,train
/hpc/projects/group.califano/GLM/data/cellxgene/data/complete_data/decidual_cell/aracne,train
/hpc/projects/group.califano/GLM/data/cellxgene/data/complete_data/decidual_natural_killer_cell_human/aracne,train
/hpc/projects/group.califano/GLM/data/cellxgene/data/complete_data/dendritic_cell/aracne,train
/hpc/projects/group.califano/GLM/data/cellxgene/data/complete_data/diffuse_bipolar_1_cell/aracne,train
/hpc/projects/group.califano/GLM/data/cellxgene/data/complete_data/diffuse_bipolar_2_cell/aracne,train
/hpc/projects/group.califano/GLM/data/cellxgene/data/complete_data/diffuse_bipolar_3b_cell/aracne,train
/hpc/projects/group.califano/GLM/data/cellxgene/data/complete_data/diffuse_bipolar_4_cell/aracne,train
/hpc/projects/group.califano/GLM/data/cellxgene/data/complete_data/diffuse_bipolar_6_cell/aracne,train
/hpc/projects/group.califano/GLM/data/cellxgene/data/complete_data/double-positive_alpha-beta_thymocyte/aracne,train
/hpc/projects/group.califano/GLM/data/cellxgene/data/complete_data/double_negative_thymocyte/aracne,train
/hpc/projects/group.califano/GLM/data/cellxgene/data/complete_data/early_promyelocyte/aracne,train
/hpc/projects/group.califano/GLM/data/cellxgene/data/complete_data/effector_cd4-positive_alpha-beta_t_cell/aracne,train
/hpc/projects/group.califano/GLM/data/cellxgene/data/complete_data/effector_cd8-positive_alpha-beta_t_cell/aracne,train
/hpc/projects/group.califano/GLM/data/cellxgene/data/complete_data/effector_memory_cd4-positive_alpha-beta_t_cell/aracne,train
/hpc/projects/group.califano/GLM/data/cellxgene/data/complete_data/effector_memory_cd8-positive_alpha-beta_t_cell/aracne,train
/hpc/projects/group.califano/GLM/data/cellxgene/data/complete_data/effector_memory_cd8-positive_alpha-beta_t_cell_terminally_differentiated/aracne,train
/hpc/projects/group.califano/GLM/data/cellxgene/data/complete_data/elicited_macrophage/aracne,train
/hpc/projects/group.califano/GLM/data/cellxgene/data/complete_data/embryonic_fibroblast/aracne,train
/hpc/projects/group.califano/GLM/data/cellxgene/data/complete_data/endocardial_cell/aracne,train
/hpc/projects/group.califano/GLM/data/cellxgene/data/complete_data/endothelial_cell/aracne,train
/hpc/projects/group.califano/GLM/data/cellxgene/data/complete_data/endothelial_cell_of_artery/aracne,train
/hpc/projects/group.califano/GLM/data/cellxgene/data/complete_data/endothelial_cell_of_lymphatic_vessel/aracne,train
/hpc/projects/group.califano/GLM/data/cellxgene/data/complete_data/endothelial_cell_of_pericentral_hepatic_sinusoid/aracne,train
/hpc/projects/group.califano/GLM/data/cellxgene/data/complete_data/endothelial_cell_of_placenta/aracne,train
/hpc/projects/group.califano/GLM/data/cellxgene/data/complete_data/endothelial_cell_of_uterus/aracne,train
/hpc/projects/group.califano/GLM/data/cellxgene/data/complete_data/endothelial_cell_of_vascular_tree/aracne,train
/hpc/projects/group.califano/GLM/data/cellxgene/data/complete_data/endothelial_cell_of_venule/aracne,train
/hpc/projects/group.califano/GLM/data/cellxgene/data/complete_data/endothelial_tip_cell/aracne,train
/hpc/projects/group.califano/GLM/data/cellxgene/data/complete_data/enteric_smooth_muscle_cell/aracne,train
/hpc/projects/group.califano/GLM/data/cellxgene/data/complete_data/enterocyte/aracne,train
/hpc/projects/group.califano/GLM/data/cellxgene/data/complete_data/enterocyte_of_colon/aracne,train
/hpc/projects/group.califano/GLM/data/cellxgene/data/complete_data/epithelial_cell/aracne,train
/hpc/projects/group.califano/GLM/data/cellxgene/data/complete_data/epithelial_cell_of_alveolus_of_lung/aracne,train
/hpc/projects/group.califano/GLM/data/cellxgene/data/complete_data/epithelial_cell_of_esophagus/aracne,train
/hpc/projects/group.califano/GLM/data/cellxgene/data/complete_data/epithelial_cell_of_lower_respiratory_tract/aracne,train
/hpc/projects/group.califano/GLM/data/cellxgene/data/complete_data/epithelial_cell_of_lung/aracne,train
/hpc/projects/group.califano/GLM/data/cellxgene/data/complete_data/epithelial_cell_of_proximal_tubule/aracne,train
/hpc/projects/group.califano/GLM/data/cellxgene/data/complete_data/erythroblast/aracne,train
/hpc/projects/group.califano/GLM/data/cellxgene/data/complete_data/erythrocyte/aracne,train
/hpc/projects/group.califano/GLM/data/cellxgene/data/complete_data/erythroid_lineage_cell/aracne,train
/hpc/projects/group.califano/GLM/data/cellxgene/data/complete_data/erythroid_progenitor_cell/aracne,train
/hpc/projects/group.califano/GLM/data/cellxgene/data/complete_data/extravillous_trophoblast/aracne,train
/hpc/projects/group.califano/GLM/data/cellxgene/data/complete_data/fibro_adipogenic_progenitor_cell/aracne,train
/hpc/projects/group.califano/GLM/data/cellxgene/data/complete_data/fibroblast_of_cardiac_tissue/aracne,train
/hpc/projects/group.califano/GLM/data/cellxgene/data/complete_data/fibroblast_of_lung/aracne,train
/hpc/projects/group.califano/GLM/data/cellxgene/data/complete_data/fibroblast_of_mammary_gland/aracne,train
/hpc/projects/group.califano/GLM/data/cellxgene/data/complete_data/flat_midget_bipolar_cell/aracne,train
/hpc/projects/group.califano/GLM/data/cellxgene/data/complete_data/follicular_b_cell/aracne,train
/hpc/projects/group.califano/GLM/data/cellxgene/data/complete_data/gabaergic_amacrine_cell/aracne,train
/hpc/projects/group.califano/GLM/data/cellxgene/data/complete_data/gabaergic_neuron/aracne,train
/hpc/projects/group.califano/GLM/data/cellxgene/data/complete_data/gamma-delta_t_cell/aracne,train
/hpc/projects/group.califano/GLM/data/cellxgene/data/complete_data/germ_cell/aracne,train
/hpc/projects/group.califano/GLM/data/cellxgene/data/complete_data/giant_bipolar_cell/aracne,train
/hpc/projects/group.califano/GLM/data/cellxgene/data/complete_data/glandular_epithelial_cell/aracne,train
/hpc/projects/group.califano/GLM/data/cellxgene/data/complete_data/glial_cell/aracne,train
/hpc/projects/group.califano/GLM/data/cellxgene/data/complete_data/glutamatergic_neuron/aracne,train
/hpc/projects/group.califano/GLM/data/cellxgene/data/complete_data/glycinergic_amacrine_cell/aracne,train
/hpc/projects/group.califano/GLM/data/cellxgene/data/complete_data/goblet_cell/aracne,train
/hpc/projects/group.califano/GLM/data/cellxgene/data/complete_data/granulosa_cell/aracne,train
/hpc/projects/group.califano/GLM/data/cellxgene/data/complete_data/helper_t_cell/aracne,train
/hpc/projects/group.califano/GLM/data/cellxgene/data/complete_data/hematopoietic_cell/aracne,train
/hpc/projects/group.califano/GLM/data/cellxgene/data/complete_data/hematopoietic_multipotent_progenitor_cell/aracne,train
/hpc/projects/group.califano/GLM/data/cellxgene/data/complete_data/hepatoblast/aracne,train
/hpc/projects/group.califano/GLM/data/cellxgene/data/complete_data/hepatocyte/aracne,train
/hpc/projects/group.califano/GLM/data/cellxgene/data/complete_data/hofbauer_cell/aracne,train
/hpc/projects/group.califano/GLM/data/cellxgene/data/complete_data/iga_plasma_cell/aracne,train
/hpc/projects/group.califano/GLM/data/cellxgene/data/complete_data/inflammatory_macrophage/aracne,train
/hpc/projects/group.califano/GLM/data/cellxgene/data/complete_data/innate_lymphoid_cell/aracne,train
/hpc/projects/group.califano/GLM/data/cellxgene/data/complete_data/interstitial_cell_of_ovary/aracne,train
/hpc/projects/group.califano/GLM/data/cellxgene/data/complete_data/intestinal_epithelial_cell/aracne,train
/hpc/projects/group.califano/GLM/data/cellxgene/data/complete_data/invaginating_midget_bipolar_cell/aracne,train
/hpc/projects/group.califano/GLM/data/cellxgene/data/complete_data/keratinocyte/aracne,train
/hpc/projects/group.califano/GLM/data/cellxgene/data/complete_data/kidney_collecting_duct_intercalated_cell/aracne,train
/hpc/projects/group.califano/GLM/data/cellxgene/data/complete_data/kidney_collecting_duct_principal_cell/aracne,train
/hpc/projects/group.califano/GLM/data/cellxgene/data/complete_data/kidney_distal_convoluted_tubule_epithelial_cell/aracne,train
/hpc/projects/group.califano/GLM/data/cellxgene/data/complete_data/kidney_epithelial_cell/aracne,train
/hpc/projects/group.califano/GLM/data/cellxgene/data/complete_data/kidney_loop_of_henle_epithelial_cell/aracne,train
/hpc/projects/group.califano/GLM/data/cellxgene/data/complete_data/kidney_loop_of_henle_thick_ascending_limb_epithelial_cell/aracne,train
/hpc/projects/group.califano/GLM/data/cellxgene/data/complete_data/kupffer_cell/aracne,train
/hpc/projects/group.califano/GLM/data/cellxgene/data/complete_data/lactocyte/aracne,train
/hpc/projects/group.califano/GLM/data/cellxgene/data/complete_data/lamp5_gabaergic_cortical_interneuron/aracne,train
/hpc/projects/group.califano/GLM/data/cellxgene/data/complete_data/langerhans_cell/aracne,train
/hpc/projects/group.califano/GLM/data/cellxgene/data/complete_data/leukocyte/aracne,train
/hpc/projects/group.califano/GLM/data/cellxgene/data/complete_data/luminal_adaptive_secretory_precursor_cell_of_mammary_gland/aracne,train
/hpc/projects/group.califano/GLM/data/cellxgene/data/complete_data/luminal_cell_of_prostate_epithelium/aracne,train
/hpc/projects/group.califano/GLM/data/cellxgene/data/complete_data/luminal_epithelial_cell_of_mammary_gland/aracne,train
/hpc/projects/group.califano/GLM/data/cellxgene/data/complete_data/luminal_hormone-sensing_cell_of_mammary_gland/aracne,train
/hpc/projects/group.califano/GLM/data/cellxgene/data/complete_data/lung_macrophage/aracne,train
/hpc/projects/group.califano/GLM/data/cellxgene/data/complete_data/lung_secretory_cell/aracne,train
/hpc/projects/group.califano/GLM/data/cellxgene/data/complete_data/lymphocyte/aracne,train
/hpc/projects/group.califano/GLM/data/cellxgene/data/complete_data/mammary_gland_epithelial_cell/aracne,train
/hpc/projects/group.califano/GLM/data/cellxgene/data/complete_data/mast_cell/aracne,train
/hpc/projects/group.califano/GLM/data/cellxgene/data/complete_data/mature_alpha-beta_t_cell/aracne,train
/hpc/projects/group.califano/GLM/data/cellxgene/data/complete_data/mature_nk_t_cell/aracne,train
/hpc/projects/group.califano/GLM/data/cellxgene/data/complete_data/mature_t_cell/aracne,train
/hpc/projects/group.califano/GLM/data/cellxgene/data/complete_data/megakaryocyte/aracne,train
/hpc/projects/group.califano/GLM/data/cellxgene/data/complete_data/melanocyte/aracne,train
/hpc/projects/group.califano/GLM/data/cellxgene/data/complete_data/memory_b_cell/aracne,train
/hpc/projects/group.califano/GLM/data/cellxgene/data/complete_data/mesangial_cell/aracne,train
/hpc/projects/group.califano/GLM/data/cellxgene/data/complete_data/mesenchymal_cell/aracne,train
/hpc/projects/group.califano/GLM/data/cellxgene/data/complete_data/mesenchymal_stem_cell/aracne,train
/hpc/projects/group.califano/GLM/data/cellxgene/data/complete_data/mesodermal_cell/aracne,train
/hpc/projects/group.califano/GLM/data/cellxgene/data/complete_data/mesothelial_cell/aracne,train
/hpc/projects/group.califano/GLM/data/cellxgene/data/complete_data/microglial_cell/aracne,train
/hpc/projects/group.califano/GLM/data/cellxgene/data/complete_data/midget_ganglion_cell_of_retina/aracne,train
/hpc/projects/group.califano/GLM/data/cellxgene/data/complete_data/midzonal_region_hepatocyte/aracne,train
/hpc/projects/group.califano/GLM/data/cellxgene/data/complete_data/monocyte/aracne,train
/hpc/projects/group.califano/GLM/data/cellxgene/data/complete_data/monocyte-derived_dendritic_cell/aracne,train
/hpc/projects/group.califano/GLM/data/cellxgene/data/complete_data/mononuclear_phagocyte/aracne,train
/hpc/projects/group.califano/GLM/data/cellxgene/data/complete_data/mucosal_invariant_t_cell/aracne,train
/hpc/projects/group.califano/GLM/data/cellxgene/data/complete_data/mueller_cell/aracne,train
/hpc/projects/group.califano/GLM/data/cellxgene/data/complete_data/multi-ciliated_epithelial_cell/aracne,train
/hpc/projects/group.califano/GLM/data/cellxgene/data/complete_data/mural_cell/aracne,train
/hpc/projects/group.califano/GLM/data/cellxgene/data/complete_data/myelocyte/aracne,train
/hpc/projects/group.califano/GLM/data/cellxgene/data/complete_data/myeloid_cell/aracne,train
/hpc/projects/group.califano/GLM/data/cellxgene/data/complete_data/myoepithelial_cell_of_mammary_gland/aracne,train
/hpc/projects/group.califano/GLM/data/cellxgene/data/complete_data/myofibroblast_cell/aracne,train
/hpc/projects/group.califano/GLM/data/cellxgene/data/complete_data/naive_b_cell/aracne,train
/hpc/projects/group.califano/GLM/data/cellxgene/data/complete_data/naive_t_cell/aracne,train
/hpc/projects/group.califano/GLM/data/cellxgene/data/complete_data/naive_thymus-derived_cd8-positive_alpha-beta_t_cell/aracne,train
/hpc/projects/group.califano/GLM/data/cellxgene/data/complete_data/nasal_mucosa_goblet_cell/aracne,train
/hpc/projects/group.califano/GLM/data/cellxgene/data/complete_data/neoplastic_cell/aracne,train
/hpc/projects/group.califano/GLM/data/cellxgene/data/complete_data/neural_cell/aracne,train
/hpc/projects/group.califano/GLM/data/cellxgene/data/complete_data/neural_progenitor_cell/aracne,train
/hpc/projects/group.califano/GLM/data/cellxgene/data/complete_data/neuron/aracne,train
/hpc/projects/group.califano/GLM/data/cellxgene/data/complete_data/neutrophil/aracne,train
/hpc/projects/group.califano/GLM/data/cellxgene/data/complete_data/non-classical_monocyte/aracne,train
/hpc/projects/group.califano/GLM/data/cellxgene/data/complete_data/off-bipolar_cell/aracne,train
/hpc/projects/group.califano/GLM/data/cellxgene/data/complete_data/offx_cell/aracne,train
/hpc/projects/group.califano/GLM/data/cellxgene/data/complete_data/oligodendrocyte/aracne,train
/hpc/projects/group.califano/GLM/data/cellxgene/data/complete_data/oligodendrocyte_precursor_cell/aracne,train
/hpc/projects/group.califano/GLM/data/cellxgene/data/complete_data/on-bipolar_cell/aracne,train
/hpc/projects/group.califano/GLM/data/cellxgene/data/complete_data/pancreatic_a_cell/aracne,train
/hpc/projects/group.califano/GLM/data/cellxgene/data/complete_data/pancreatic_acinar_cell/aracne,train
/hpc/projects/group.califano/GLM/data/cellxgene/data/complete_data/pancreatic_ductal_cell/aracne,train
/hpc/projects/group.califano/GLM/data/cellxgene/data/complete_data/peptic_cell/aracne,train
/hpc/projects/group.califano/GLM/data/cellxgene/data/complete_data/pericyte/aracne,train
/hpc/projects/group.califano/GLM/data/cellxgene/data/complete_data/periportal_region_hepatocyte/aracne,train
/hpc/projects/group.califano/GLM/data/cellxgene/data/complete_data/perivascular_cell/aracne,train
/hpc/projects/group.califano/GLM/data/cellxgene/data/complete_data/photoreceptor_cell/aracne,train
/hpc/projects/group.califano/GLM/data/cellxgene/data/complete_data/pigmented_ciliary_epithelial_cell/aracne,train
/hpc/projects/group.califano/GLM/data/cellxgene/data/complete_data/pigmented_epithelial_cell/aracne,train
/hpc/projects/group.califano/GLM/data/cellxgene/data/complete_data/placental_villous_trophoblast/aracne,train
/hpc/projects/group.califano/GLM/data/cellxgene/data/complete_data/plasma_cell/aracne,train
/hpc/projects/group.califano/GLM/data/cellxgene/data/complete_data/plasmablast/aracne,train
/hpc/projects/group.califano/GLM/data/cellxgene/data/complete_data/plasmacytoid_dendritic_cell/aracne,train
/hpc/projects/group.califano/GLM/data/cellxgene/data/complete_data/platelet/aracne,valSG
/hpc/projects/group.califano/GLM/data/cellxgene/data/complete_data/preadipocyte/aracne,valSG
/hpc/projects/group.califano/GLM/data/cellxgene/data/complete_data/precursor_b_cell/aracne,valSG
/hpc/projects/group.califano/GLM/data/cellxgene/data/complete_data/prickle_cell/aracne,valSG
/hpc/projects/group.califano/GLM/data/cellxgene/data/complete_data/pro-b_cell/aracne,valSG
/hpc/projects/group.califano/GLM/data/cellxgene/data/complete_data/pro-t_cell/aracne,valSG
/hpc/projects/group.califano/GLM/data/cellxgene/data/complete_data/professional_antigen_presenting_cell/aracne,valSG
/hpc/projects/group.califano/GLM/data/cellxgene/data/complete_data/progenitor_cell/aracne,valSG
/hpc/projects/group.califano/GLM/data/cellxgene/data/complete_data/progenitor_cell_of_mammary_luminal_epithelium/aracne,valSG
/hpc/projects/group.califano/GLM/data/cellxgene/data/complete_data/pulmonary_artery_endothelial_cell/aracne,valSG
/hpc/projects/group.califano/GLM/data/cellxgene/data/complete_data/pulmonary_interstitial_fibroblast/aracne,valSG
/hpc/projects/group.califano/GLM/data/cellxgene/data/complete_data/pvalb_gabaergic_cortical_interneuron/aracne,valSG
/hpc/projects/group.califano/GLM/data/cellxgene/data/complete_data/regular_atrial_cardiac_myocyte/aracne,valSG
/hpc/projects/group.califano/GLM/data/cellxgene/data/complete_data/regular_ventricular_cardiac_myocyte/aracne,valSG
/hpc/projects/group.califano/GLM/data/cellxgene/data/complete_data/regulatory_t_cell/aracne,valSG
/hpc/projects/group.califano/GLM/data/cellxgene/data/complete_data/respiratory_basal_cell/aracne,valSG
/hpc/projects/group.califano/GLM/data/cellxgene/data/complete_data/retina_horizontal_cell/aracne,valSG
/hpc/projects/group.califano/GLM/data/cellxgene/data/complete_data/retinal_bipolar_neuron/aracne,valSG
/hpc/projects/group.califano/GLM/data/cellxgene/data/complete_data/retinal_cone_cell/aracne,valSG
/hpc/projects/group.califano/GLM/data/cellxgene/data/complete_data/retinal_ganglion_cell/aracne,valSG
/hpc/projects/group.califano/GLM/data/cellxgene/data/complete_data/rod_bipolar_cell/aracne,valSG
/hpc/projects/group.califano/GLM/data/cellxgene/data/complete_data/schwann_cell/aracne,valSG
/hpc/projects/group.califano/GLM/data/cellxgene/data/complete_data/secretory_cell/aracne,valSG
/hpc/projects/group.califano/GLM/data/cellxgene/data/complete_data/sertoli_cell/aracne,valSG
/hpc/projects/group.califano/GLM/data/cellxgene/data/complete_data/skeletal_muscle_fiber/aracne,valSG
/hpc/projects/group.califano/GLM/data/cellxgene/data/complete_data/skeletal_muscle_satellite_cell/aracne,valSG
/hpc/projects/group.califano/GLM/data/cellxgene/data/complete_data/skin_fibroblast/aracne,valHG
/hpc/projects/group.califano/GLM/data/cellxgene/data/complete_data/smooth_muscle_cell/aracne,valHG
/hpc/projects/group.califano/GLM/data/cellxgene/data/complete_data/sncg_gabaergic_cortical_interneuron/aracne,valHG
/hpc/projects/group.califano/GLM/data/cellxgene/data/complete_data/sst_gabaergic_cortical_interneuron/aracne,valHG
/hpc/projects/group.califano/GLM/data/cellxgene/data/complete_data/stem_cell/aracne,valHG
/hpc/projects/group.califano/GLM/data/cellxgene/data/complete_data/stratified_epithelial_cell/aracne,valHG
/hpc/projects/group.califano/GLM/data/cellxgene/data/complete_data/stromal_cell_of_ovary/aracne,valHG
/hpc/projects/group.califano/GLM/data/cellxgene/data/complete_data/supporting_cell/aracne,valHG
/hpc/projects/group.califano/GLM/data/cellxgene/data/complete_data/syncytiotrophoblast_cell/aracne,valHG
/hpc/projects/group.califano/GLM/data/cellxgene/data/complete_data/t-helper_22_cell/aracne,valHG
/hpc/projects/group.califano/GLM/data/cellxgene/data/complete_data/t_cell/aracne,valHG
/hpc/projects/group.califano/GLM/data/cellxgene/data/complete_data/t_follicular_helper_cell/aracne,valHG
/hpc/projects/group.califano/GLM/data/cellxgene/data/complete_data/taste_receptor_cell/aracne,valHG
/hpc/projects/group.califano/GLM/data/cellxgene/data/complete_data/thymocyte/aracne,valHG
/hpc/projects/group.califano/GLM/data/cellxgene/data/complete_data/thyroid_follicular_cell/aracne,valHG
/hpc/projects/group.califano/GLM/data/cellxgene/data/complete_data/tonsil_germinal_center_b_cell/aracne,valHG
/hpc/projects/group.califano/GLM/data/cellxgene/data/complete_data/tracheal_goblet_cell/aracne,valHG
/hpc/projects/group.califano/GLM/data/cellxgene/data/complete_data/transit_amplifying_cell/aracne,valHG
/hpc/projects/group.califano/GLM/data/cellxgene/data/complete_data/transit_amplifying_cell_of_colon/aracne,valHG
/hpc/projects/group.califano/GLM/data/cellxgene/data/complete_data/transitional_stage_b_cell/aracne,valHG
/hpc/projects/group.califano/GLM/data/cellxgene/data/complete_data/type_b_pancreatic_cell/aracne,valHG
/hpc/projects/group.califano/GLM/data/cellxgene/data/complete_data/type_i_pneumocyte/aracne,valHG
/hpc/projects/group.califano/GLM/data/cellxgene/data/complete_data/type_ii_pneumocyte/aracne,valHG
/hpc/projects/group.califano/GLM/data/cellxgene/data/complete_data/uterine_smooth_muscle_cell/aracne,valHG
/hpc/projects/group.califano/GLM/data/cellxgene/data/complete_data/vascular_associated_smooth_muscle_cell/aracne,valHG
/hpc/projects/group.califano/GLM/data/cellxgene/data/complete_data/vein_endothelial_cell/aracne,valHG
/hpc/projects/group.califano/GLM/data/cellxgene/data/complete_data/vip_gabaergic_cortical_interneuron/aracne,valHG
